cycles,measured
2349799927,0.00000008983
101669816092,0.00000031617
157563733932,0.00000052024
225703397425,0.00000085477
306067554347,0.00000111286
91871392843,0.00000049268
380273130294,0.00000130292
598841208118,0.00000235170
